-- phpMyAdmin SQL Dump
-- version 5.2.1
-- https://www.phpmyadmin.net/
--
-- Host: 127.0.0.1
-- Generation Time: Dec 24, 2023 at 07:22 AM
-- Server version: 10.4.28-MariaDB
-- PHP Version: 8.2.4

SET SQL_MODE = "NO_AUTO_VALUE_ON_ZERO";
START TRANSACTION;
SET time_zone = "+00:00";


/*!40101 SET @OLD_CHARACTER_SET_CLIENT=@@CHARACTER_SET_CLIENT */;
/*!40101 SET @OLD_CHARACTER_SET_RESULTS=@@CHARACTER_SET_RESULTS */;
/*!40101 SET @OLD_COLLATION_CONNECTION=@@COLLATION_CONNECTION */;
/*!40101 SET NAMES utf8mb4 */;

--
-- Database: `poliklinikk`
--

-- --------------------------------------------------------

--
-- Table structure for table `detail_periksa`
--

CREATE TABLE `detail_periksa` (
  `id` int(10) UNSIGNED NOT NULL,
  `id_periksa` int(11) NOT NULL,
  `id_obat` int(11) NOT NULL
) ENGINE=InnoDB DEFAULT CHARSET=utf8mb4 COLLATE=utf8mb4_general_ci;

--
-- Dumping data for table `detail_periksa`
--

INSERT INTO `detail_periksa` (`id`, `id_periksa`, `id_obat`) VALUES
(2, 16, 1),
(3, 16, 2),
(4, 16, 4),
(5, 17, 1),
(6, 17, 3);

-- --------------------------------------------------------

--
-- Table structure for table `dokter`
--

CREATE TABLE `dokter` (
  `id` int(10) NOT NULL,
  `nama` varchar(255) NOT NULL,
  `password` varchar(30) NOT NULL,
  `alamat` varchar(255) NOT NULL,
  `no_hp` varchar(50) NOT NULL
) ENGINE=InnoDB DEFAULT CHARSET=utf8mb4 COLLATE=utf8mb4_general_ci;

--
-- Dumping data for table `dokter`
--

INSERT INTO `dokter` (`id`, `nama`, `password`, `alamat`, `no_hp`) VALUES
(12, 'ario', 'coba12', 'jalan randusarii', '082223589274'),
(14, 'dokterario', '202cb962ac59075b964b07152d234b', '', ''),
(15, 'pertama', '6512bd43d9caa6e02c990b0a82652d', '', ''),
(16, 'kita', '6076173423b73340576f830474030f', '', ''),
(17, 'kedua', '8dada53087d0e313e91e5945a737ff', '', '');

-- --------------------------------------------------------

--
-- Table structure for table `login`
--

CREATE TABLE `login` (
  `username` varchar(255) NOT NULL,
  `password` varchar(255) NOT NULL
) ENGINE=InnoDB DEFAULT CHARSET=utf8mb4 COLLATE=utf8mb4_general_ci;

--
-- Dumping data for table `login`
--

INSERT INTO `login` (`username`, `password`) VALUES
('admin', 'admin1');

-- --------------------------------------------------------

--
-- Table structure for table `obat`
--

CREATE TABLE `obat` (
  `id` int(11) NOT NULL,
  `nama_obat` varbinary(50) NOT NULL,
  `kemasan` varchar(35) NOT NULL,
  `harga` int(11) NOT NULL
) ENGINE=InnoDB DEFAULT CHARSET=utf8mb4 COLLATE=utf8mb4_general_ci;

--
-- Dumping data for table `obat`
--

INSERT INTO `obat` (`id`, `nama_obat`, `kemasan`, `harga`) VALUES
(1, 0x41435420284172746573756e617465207461626c6574203530206d67202b20416d6f6469617175696e6520616e6879647269, '2 blister @ 12 tablet / kotak', 150000),
(2, 0x416c62656e6461736f6c2073757370656e736920323030206d672f35206d6c, 'Ktk 10 btl @ 10 ml', 7000),
(3, 0x416c6f707572696e6f6c207461626c657420313030206d67, 'ktk 10 x 10 tablet', 9000),
(4, 0x4173696b6c6f766972207461626c657420343030206d67, 'ktk 5 x 10 tablet', 15000);

-- --------------------------------------------------------

--
-- Table structure for table `pasien`
--

CREATE TABLE `pasien` (
  `id` int(11) NOT NULL,
  `nama` varchar(255) DEFAULT NULL,
  `alamat` varchar(255) DEFAULT NULL,
  `no_hp` varchar(50) DEFAULT NULL
) ENGINE=InnoDB DEFAULT CHARSET=utf8mb4 COLLATE=utf8mb4_general_ci;

--
-- Dumping data for table `pasien`
--

INSERT INTO `pasien` (`id`, `nama`, `alamat`, `no_hp`) VALUES
(11, 'woro', 'jalan kenanga', '1234');

-- --------------------------------------------------------

--
-- Table structure for table `periksa`
--

CREATE TABLE `periksa` (
  `id` int(10) NOT NULL,
  `id_pasien` int(11) DEFAULT NULL,
  `id_dokter` int(11) DEFAULT NULL,
  `tgl_periksa` datetime DEFAULT NULL,
  `catatan` text DEFAULT NULL,
  `obat` text DEFAULT NULL
) ENGINE=InnoDB DEFAULT CHARSET=utf8mb4 COLLATE=utf8mb4_general_ci;

--
-- Dumping data for table `periksa`
--

INSERT INTO `periksa` (`id`, `id_pasien`, `id_dokter`, `tgl_periksa`, `catatan`, `obat`) VALUES
(13, 11, 12, '2023-11-07 21:23:00', 'gg', 'dgg'),
(16, 11, 12, '2023-12-25 20:20:00', 'hati', NULL),
(17, 11, 12, '2023-12-22 17:09:00', 'SAKIT HATId', NULL);

-- --------------------------------------------------------

--
-- Table structure for table `users`
--

CREATE TABLE `users` (
  `id` int(11) NOT NULL,
  `username` varchar(255) NOT NULL,
  `email` varchar(255) NOT NULL,
  `password` varchar(255) NOT NULL
) ENGINE=InnoDB DEFAULT CHARSET=utf8mb4 COLLATE=utf8mb4_general_ci;

--
-- Dumping data for table `users`
--

INSERT INTO `users` (`id`, `username`, `email`, `password`) VALUES
(30, '11', '11@gmail.com', '6512bd43d9caa6e02c990b0a82652dca'),
(31, 'ariodewanto', 'ariodewanto51@gmail.com', '202cb962ac59075b964b07152d234b70'),
(32, '112', '112@gmail.com', '7f6ffaa6bb0b408017b62254211691b5'),
(33, 'coba', 'coba@gmail.com', 'c3ec0f7b054e729c5a716c8125839829');

--
-- Indexes for dumped tables
--

--
-- Indexes for table `detail_periksa`
--
ALTER TABLE `detail_periksa`
  ADD PRIMARY KEY (`id`),
  ADD KEY `id_periksa` (`id_periksa`),
  ADD KEY `id_obat` (`id_obat`);

--
-- Indexes for table `dokter`
--
ALTER TABLE `dokter`
  ADD PRIMARY KEY (`id`);

--
-- Indexes for table `login`
--
ALTER TABLE `login`
  ADD UNIQUE KEY `username` (`username`);

--
-- Indexes for table `obat`
--
ALTER TABLE `obat`
  ADD PRIMARY KEY (`id`);

--
-- Indexes for table `pasien`
--
ALTER TABLE `pasien`
  ADD PRIMARY KEY (`id`);

--
-- Indexes for table `periksa`
--
ALTER TABLE `periksa`
  ADD PRIMARY KEY (`id`),
  ADD KEY `transaksi_pasien` (`id_pasien`),
  ADD KEY `trasaksi_dokter` (`id_dokter`);

--
-- Indexes for table `users`
--
ALTER TABLE `users`
  ADD PRIMARY KEY (`id`);

--
-- AUTO_INCREMENT for dumped tables
--

--
-- AUTO_INCREMENT for table `detail_periksa`
--
ALTER TABLE `detail_periksa`
  MODIFY `id` int(10) UNSIGNED NOT NULL AUTO_INCREMENT, AUTO_INCREMENT=7;

--
-- AUTO_INCREMENT for table `dokter`
--
ALTER TABLE `dokter`
  MODIFY `id` int(10) NOT NULL AUTO_INCREMENT, AUTO_INCREMENT=18;

--
-- AUTO_INCREMENT for table `obat`
--
ALTER TABLE `obat`
  MODIFY `id` int(11) NOT NULL AUTO_INCREMENT, AUTO_INCREMENT=5;

--
-- AUTO_INCREMENT for table `pasien`
--
ALTER TABLE `pasien`
  MODIFY `id` int(11) NOT NULL AUTO_INCREMENT, AUTO_INCREMENT=13;

--
-- AUTO_INCREMENT for table `periksa`
--
ALTER TABLE `periksa`
  MODIFY `id` int(10) NOT NULL AUTO_INCREMENT, AUTO_INCREMENT=18;

--
-- AUTO_INCREMENT for table `users`
--
ALTER TABLE `users`
  MODIFY `id` int(11) NOT NULL AUTO_INCREMENT, AUTO_INCREMENT=34;

--
-- Constraints for dumped tables
--

--
-- Constraints for table `detail_periksa`
--
ALTER TABLE `detail_periksa`
  ADD CONSTRAINT `detail_periksa_ibfk_1` FOREIGN KEY (`id_periksa`) REFERENCES `periksa` (`id`),
  ADD CONSTRAINT `detail_periksa_ibfk_2` FOREIGN KEY (`id_obat`) REFERENCES `obat` (`id`);

--
-- Constraints for table `periksa`
--
ALTER TABLE `periksa`
  ADD CONSTRAINT `transaksi_pasien` FOREIGN KEY (`id_pasien`) REFERENCES `pasien` (`id`),
  ADD CONSTRAINT `trasaksi_dokter` FOREIGN KEY (`id_dokter`) REFERENCES `dokter` (`id`);
COMMIT;

/*!40101 SET CHARACTER_SET_CLIENT=@OLD_CHARACTER_SET_CLIENT */;
/*!40101 SET CHARACTER_SET_RESULTS=@OLD_CHARACTER_SET_RESULTS */;
/*!40101 SET COLLATION_CONNECTION=@OLD_COLLATION_CONNECTION */;
